,precision,recall,f1-score,support
Netral,0.8087121212121212,0.8840579710144928,0.8447082096933729,483.0
Positif,0.9662921348314607,0.5771812080536913,0.7226890756302521,298.0
Negatif,0.8268251273344652,0.9474708171206225,0.8830462375339981,514.0
