,precision,recall,f1-score,support
Netral,0.9615384615384616,0.35046728971962615,0.5136986301369864,214.0
Positif,0.7506426735218509,0.9977220956719818,0.8567237163814181,878.0
Negatif,0.9523809523809523,0.43010752688172044,0.5925925925925926,279.0
