,precision,recall,f1-score,support
Netral,0.8396349413298566,0.9456681350954479,0.8895027624309392,681.0
Positif,1.0,0.07920792079207921,0.14678899082568808,101.0
Negatif,0.869639794168096,0.8802083333333334,0.8748921484037964,576.0
